system_name,system_type,accuracy_at_1__stt_transcript,f1_at_k__stt_transcript,hallucination_rate__stt_transcript,micro_f1_at_k__stt_transcript,micro_precision_at_k__stt_transcript,micro_recall_at_k__stt_transcript,precision_at_k__stt_transcript,recall_at_k__stt_transcript
keyword-bm25,keyword,1.0,0.5,0.0,0.5,0.3333333333333333,1.0,0.33333333333333337,1.0
keyword-tfidf,keyword,1.0,0.5,0.0,0.5,0.3333333333333333,1.0,0.33333333333333337,1.0
multilingual-e5-base,dense,0.8181818181818182,0.5,0.18181818181818182,0.5,0.3333333333333333,1.0,0.33333333333333337,1.0
paraphrase-multilingual-MiniLM-L12-v2,dense,0.8181818181818182,0.45454545454545453,0.18181818181818182,0.45454545454545453,0.30303030303030304,0.9090909090909091,0.30303030303030304,0.9090909090909091
