system_name,system_type,accuracy_at_1__stt_transcript,f1_at_k__stt_transcript,hallucination_rate__stt_transcript,micro_f1_at_k__stt_transcript,micro_precision_at_k__stt_transcript,micro_recall_at_k__stt_transcript,precision_at_k__stt_transcript,recall_at_k__stt_transcript,soft_accuracy_at_1__stt_transcript,soft_f1_at_k__stt_transcript,soft_precision_at_k__stt_transcript,soft_recall_at_k__stt_transcript
keyword-bm25,keyword,1.0,0.33333333333333337,0.0,0.33333333333333337,0.2,1.0,0.2,1.0,0.9827958976038138,0.401094820308863,0.2509856280670681,1.0
keyword-tfidf,keyword,1.0,0.33333333333333337,0.0,0.33333333333333337,0.2,1.0,0.2,1.0,0.9827958976038138,0.4011954373721056,0.25106167961242903,1.0
multilingual-e5-base,dense,1.0,0.33333333333333337,0.0,0.33333333333333337,0.2,1.0,0.2,1.0,0.9827958976038138,0.4016009594262409,0.2513836142434991,1.0
paraphrase-multilingual-MiniLM-L12-v2,dense,1.0,0.33333333333333337,0.0,0.33333333333333337,0.2,1.0,0.2,1.0,0.9827958976038138,0.4016634119590809,0.2514289030353659,1.0
