{
  "model_alias": "paraphrase-multilingual-MiniLM-L12-v2",
  "text_source": "stt_transcript",
  "artifact_namespace": "combined_dataset_metadata",
  "explained_variance_ratio": [
    0.2631908655166626,
    0.11412820965051651,
    0.08901599049568176
  ],
  "components_shape": [
    3,
    384
  ],
  "pc_contribution_summary": {
    "PC1": 0.2631908655166626,
    "PC2": 0.11412820965051651,
    "PC3": 0.08901599049568176
  },
  "cumulative_first3": 0.4663350582122803
}