{
  "model_alias": "multilingual-e5-base",
  "text_source": "stt_transcript",
  "explained_variance_ratio": [
    0.1706363558769226,
    0.1029115840792656,
    0.09566589444875717
  ],
  "components_shape": [
    3,
    768
  ],
  "pc_contribution_summary": {
    "PC1": 0.1706363558769226,
    "PC2": 0.1029115840792656,
    "PC3": 0.09566589444875717
  },
  "cumulative_first3": 0.36921384930610657
}