{
  "model_alias": "paraphrase-multilingual-MiniLM-L12-v2",
  "text_source": "stt_transcript",
  "explained_variance_ratio": [
    0.18814097344875336,
    0.1444418728351593,
    0.10398878902196884
  ],
  "components_shape": [
    3,
    384
  ],
  "pc_contribution_summary": {
    "PC1": 0.18814097344875336,
    "PC2": 0.1444418728351593,
    "PC3": 0.10398878902196884
  },
  "cumulative_first3": 0.4365716278553009
}