{
  "model_alias": "paraphrase-multilingual-MiniLM-L12-v2",
  "explained_variance_ratio": [
    0.2254951149225235,
    0.15064921975135803,
    0.14388784766197205
  ],
  "components_shape": [
    3,
    384
  ],
  "pc_contribution_summary": {
    "PC1": 0.2254951149225235,
    "PC2": 0.15064921975135803,
    "PC3": 0.14388784766197205
  }
}