{
  "model_alias": "paraphrase-multilingual-MiniLM-L12-v2",
  "text_source": "stt_transcript",
  "artifact_namespace": "youtube_mp4_metadata",
  "explained_variance_ratio": [
    0.21201200783252716,
    0.16086433827877045,
    0.11854346841573715
  ],
  "components_shape": [
    3,
    384
  ],
  "pc_contribution_summary": {
    "PC1": 0.21201200783252716,
    "PC2": 0.16086433827877045,
    "PC3": 0.11854346841573715
  },
  "cumulative_first3": 0.49141982197761536
}