{
  "model_alias": "multilingual-e5-base",
  "text_source": "stt_transcript",
  "artifact_namespace": "youtube_mp4_metadata__youtube_mp4",
  "explained_variance_ratio": [
    0.17014344036579132,
    0.1596672087907791,
    0.141607865691185
  ],
  "components_shape": [
    3,
    768
  ],
  "pc_contribution_summary": {
    "PC1": 0.17014344036579132,
    "PC2": 0.1596672087907791,
    "PC3": 0.141607865691185
  },
  "cumulative_first3": 0.47141849994659424
}